https://yongfu.name/2018/07/28/quanteda-tutorial.html, https://yongfu.name/2018/07/28/quanteda-tutorial/
https://yongfu.name/2018/12/13/hugo_rss.html, https://yongfu.name/2018/12/13/hugo_rss/
https://yongfu.name/2019/01/22/write-in-rmd.html, https://yongfu.name/2019/01/22/write-in-rmd/
https://yongfu.name/2021/06/03/my-r-course.html, https://yongfu.name/2021/06/03/my-r-course/
https://yongfu.name/2018/01/31/rlearningpath.html, https://yongfu.name/2018/01/31/rlearningpath/
https://yongfu.name/2020/03/20/building-concordancer.html, https://yongfu.name/2020/03/20/building-concordancer/
https://yongfu.name/2019/08/15/secretofoursuccess.html, https://yongfu.name/2019/08/15/secretofoursuccess/
https://yongfu.name/2019/03/04/originsofhumancommunication.html, https://yongfu.name/2019/03/04/originsofhumancommunication/
https://yongfu.name/2021/07/18/act-values.html, https://yongfu.name/2021/07/18/act-values/
https://yongfu.name/2020/06/27/flow.html, https://yongfu.name/2020/06/27/flow/
https://yongfu.name/2020/01/30/undergrad.html, https://yongfu.name/2020/01/30/undergrad/
https://yongfu.name/2019/07/16/struggle-to-understand-people-u-hate.html, https://yongfu.name/2019/07/16/struggle-to-understand-people-u-hate/
https://yongfu.name/2019/04/29/xaringan_tips.html, https://yongfu.name/2019/04/29/xaringan_tips/
https://yongfu.name/2019/01/04/trivial-skills.html, https://yongfu.name/2019/01/04/trivial-skills/
https://yongfu.name/2017/11/26/why-start-a-blog.html, https://yongfu.name/2017/11/26/why-start-a-blog/
https://yongfu.name/2017/11/26/mathematics.html, https://yongfu.name/2017/11/26/mathematics/
https://yongfu.name/2019/03/02/wintogo.html, https://yongfu.name/2019/03/02/wintogo/
https://yongfu.name/2021/06/06/interval-timer.html, https://yongfu.name/2021/06/06/interval-timer/
https://yongfu.name/2020/09/09/getable.html, https://yongfu.name/2020/09/09/getable/
https://yongfu.name/2020/05/26/what-if-i-have-no-server.html, https://yongfu.name/2020/05/26/what-if-i-have-no-server/
https://yongfu.name/2020/02/22/leipzigvue.html, https://yongfu.name/2020/02/22/leipzigvue/
https://yongfu.name/2019/07/06/svg2png.html, https://yongfu.name/2019/07/06/svg2png/
https://yongfu.name/2018/08/02/rblogger-criteria.html, https://yongfu.name/2018/08/02/rblogger-criteria/
https://yongfu.name/2019/05/11/jupyter-book.html, https://yongfu.name/2019/05/11/jupyter-book/
https://yongfu.name/2018/09/06/ipa-symbols.html, https://yongfu.name/2018/09/06/ipa-symbols/
https://yongfu.name/2020/04/23/gloss-search.html, https://yongfu.name/2020/04/23/gloss-search/
https://yongfu.name/2019/02/17/visualize-language-loss.html, https://yongfu.name/2019/02/17/visualize-language-loss/
https://yongfu.name/2018/09/09/linguistics-down.html, https://yongfu.name/2018/09/09/linguistics-down/
https://yongfu.name/2019/03/07/ntuthesis.html, https://yongfu.name/2019/03/07/ntuthesis/
https://yongfu.name/2018/02/24/new_md_features.html, https://yongfu.name/2018/02/24/new_md_features/
https://yongfu.name/2018/01/27/mathjax.html, https://yongfu.name/2018/01/27/mathjax/
https://yongfu.name/2017/12/11/life_tables.html, https://yongfu.name/2017/12/11/life_tables/
https://yongfu.name/2019/02/10/rmd_edit_btn.html, https://yongfu.name/2019/02/10/rmd_edit_btn/
https://yongfu.name/2018/10/24/glossary-maker.html, https://yongfu.name/2018/10/24/glossary-maker/
https://yongfu.name/2018/07/31/jieba-dict.html, https://yongfu.name/2018/07/31/jieba-dict/
https://yongfu.name/2019/03/10/include_graphics2.html, https://yongfu.name/2019/03/10/include_graphics2/
https://yongfu.name/2019/01/30/recreate-rbloggers.html, https://yongfu.name/2019/01/30/recreate-rbloggers/
https://yongfu.name/2018/07/23/rmd_intro.html, https://yongfu.name/2018/07/23/rmd_intro/
https://yongfu.name/2018/04/20/gsheet_survey.html, https://yongfu.name/2018/04/20/gsheet_survey/
https://yongfu.name/2018/01/31/RlearningPath.html, https://yongfu.name/2018/01/31/rlearningpath/
https://yongfu.name/2019/03/04/OriginsOfHumanCommunication.html, https://yongfu.name/2019/03/04/originsofhumancommunication/
https://yongfu.name/2019/08/15/secretOfOurSuccess.html, https://yongfu.name/2019/08/15/secretofoursuccess/
https://yongfu.name/2020/02/22/leipzigVue.html, https://yongfu.name/2020/02/22/leipzigvue/
https://yongfu.name/2017/12/11/Life_Tables.html, https://yongfu.name/2017/12/11/life_tables/
